Actual,Predicted,Predicted_Probability
0,0,0.07
0,0,0.0
0,0,0.04
1,0,0.03
1,1,0.69
0,0,0.109424658714095
0,0,0.015196476104711348
0,0,0.11577181739061634
0,0,0.08
0,0,0.0
0,0,0.0
0,0,0.0
0,0,0.4071025308182479
1,0,0.01
0,0,0.0
0,0,0.0
0,0,0.13
0,0,0.46
0,0,0.03
0,0,0.01
0,0,0.03
0,0,0.42520894006949755
1,0,0.25
0,0,0.0
1,1,0.8
0,1,0.69
0,0,0.35
0,0,0.0
0,0,0.2961610610169729
0,0,0.41
0,1,0.6769605467192431
1,0,0.06
0,1,0.5434537298560206
0,0,0.0
0,0,0.13
1,0,0.04
1,0,0.15
0,0,0.11
1,1,0.525226422959286
0,0,0.0
0,1,0.6119077226792354
0,0,0.031547505569728795
0,0,0.11
0,0,0.09564139356725114
0,0,0.0
0,0,0.17
0,0,0.11
0,0,0.33710039170542205
0,0,0.0
0,1,0.65
0,0,0.0
1,0,0.16
0,0,0.1
1,0,0.01
0,0,0.04
0,0,0.11405660901962963
1,0,0.17
1,1,0.639562196880325
1,0,0.01
0,0,0.0
0,0,0.0
0,0,0.21
0,0,0.34059502617981285
0,0,0.34
0,0,0.0
1,0,0.03
0,0,0.0
0,0,0.02
0,0,0.04
0,0,0.16
0,0,0.28
0,0,0.0
0,0,0.015771244504385034
0,0,0.17
0,0,0.0
0,0,0.0
0,0,0.19
0,0,0.21
0,0,0.17
1,0,0.05
0,0,0.0
1,0,0.33
0,0,0.36
0,0,0.12225242307269245
0,0,0.08645403875077413
0,0,0.12845209129880664
0,0,0.0
0,0,0.0
0,0,0.0
0,0,0.25
0,0,0.0
0,0,0.07
1,0,0.0
0,0,0.0
0,0,0.0
0,0,0.0
0,0,0.0
0,0,0.0
0,0,0.17
0,0,0.03
0,0,0.03
0,0,0.4
0,0,0.1893064277170653
1,0,0.02422333580319166
0,0,0.08
0,0,0.3767123563807873
0,0,0.0
0,0,0.0
0,0,0.0
0,0,0.019745043033529894
0,0,0.0
0,0,0.0
0,0,0.019161120180836367
0,0,0.49602386694888895
0,0,0.4766597120888287
0,0,0.33
0,0,0.25
0,0,0.29
0,0,0.0
0,0,0.03
0,0,0.0
0,0,0.01
0,0,0.2326530291253485
0,0,0.02
0,0,0.0
0,0,0.44
0,0,0.007844929562318529
0,1,0.67
1,0,0.06
0,0,0.0
0,0,0.15
0,0,0.27
0,1,0.58
0,0,0.0
0,0,0.04
0,0,0.18
0,0,0.24
0,0,0.08
0,0,0.0
0,0,0.29
0,0,0.0
0,0,0.0
1,0,0.06
0,0,0.26
0,0,0.12632884131170827
0,0,0.0
1,1,0.6805471373926321
0,0,0.0
0,0,0.35
0,0,0.14301171440194832
1,0,0.0
0,0,0.01
0,0,0.21577124450438503
0,0,0.0
0,0,0.0
0,0,0.0
0,0,0.19
0,0,0.25
0,0,0.1601845772630453
0,0,0.35
0,0,0.06577124450438503
0,0,0.21305199506482747
1,0,0.38
1,0,0.05
0,0,0.17
0,0,0.36
0,1,0.6190695864828143
0,0,0.13
0,0,0.0
0,0,0.36974285466697654
1,0,0.04
0,0,0.49602386694888895
0,0,0.04
1,1,0.6984520912988066
0,0,0.01
0,0,0.21
0,0,0.17
0,0,0.055548516917999606
0,0,0.0
0,0,0.01
1,1,0.68
0,0,0.23
0,0,0.01
0,0,0.3
0,0,0.0
0,0,0.07
0,0,0.0
0,0,0.0
0,0,0.0
0,0,0.0
0,0,0.1
0,0,0.0
0,0,0.09
0,1,0.7920400131613772
0,0,0.0
0,0,0.0
0,0,0.0
1,0,0.16
0,0,0.2
0,0,0.0
0,0,0.07
0,0,0.0
0,0,0.0
0,0,0.01
0,0,0.01
0,0,0.09813440694921413
0,0,0.0
1,0,0.13
0,1,0.580667252117049
0,0,0.0
0,0,0.03
0,0,0.23688788700922042
0,0,0.0
0,0,0.0
0,0,0.44
0,0,0.04
0,0,0.0
0,0,0.23957349704356207
0,0,0.08
1,0,0.03
1,0,0.04
1,0,0.028452091298806628
1,0,0.17
0,0,0.20845209129880665
0,0,0.0
0,0,0.1
0,0,0.389428404097066
1,0,0.3
0,0,0.25
0,0,0.012692952666917222
0,0,0.0
1,1,0.88
0,0,0.23
0,0,0.0
0,0,0.01
0,0,0.32
1,0,0.23
0,0,0.0
0,0,0.08845209129880661
0,1,0.78
0,0,0.21
1,0,0.21
0,0,0.04
0,1,0.5066128263952816
0,0,0.09
1,0,0.39
1,0,0.03
0,1,0.63
1,0,0.19
0,0,0.01
0,0,0.3731323313584036
0,0,0.0
0,0,0.193421606843148
0,0,0.0
0,0,0.25
0,0,0.0
0,0,0.029109413453009464
0,0,0.2
0,0,0.10898685559442008
0,0,0.02916112018083637
0,0,0.0
0,0,0.16
0,0,0.13
0,0,0.27
1,0,0.07
0,0,0.12
0,0,0.1529694853760629
0,1,0.5202021461869619
0,0,0.49602386694888895
0,0,0.05735175561972838
0,1,0.77
0,0,0.0
0,0,0.12
0,0,0.4001499660776553
0,1,0.7058818101186182
0,0,0.04
0,0,0.0
0,0,0.0
1,0,0.3126094779262399
0,0,0.25
0,0,0.1
1,0,0.2867743316604794
1,0,0.3
1,0,0.49321332118065697
1,0,0.06
0,0,0.0
0,0,0.0
0,0,0.0
0,0,0.0
0,0,0.0
0,0,0.02
1,0,0.07
0,0,0.09
0,0,0.3753666449622294
0,0,0.3753666449622294
0,0,0.1869245542835696
0,0,0.42
1,1,0.67
0,0,0.35713656069199023
0,0,0.11
0,0,0.12
0,0,0.35
0,0,0.06
1,0,0.35
0,0,0.32
0,0,0.0
0,0,0.44
0,0,0.0
0,0,0.0
1,0,0.15
0,0,0.23
0,0,0.0
0,0,0.0
0,0,0.019161120180836367
0,0,0.04
0,0,0.3435275491078534
0,0,0.03
0,0,0.07
0,0,0.01
0,1,0.5055009440545757
0,0,0.04181031264719401
1,0,0.22
0,0,0.08
0,0,0.0
0,1,0.52
0,0,0.0
0,0,0.0
1,0,0.49602386694888895
0,0,0.4945362980373391
0,0,0.0
0,0,0.02
0,0,0.0
0,0,0.07
1,1,0.51
0,0,0.0
0,0,0.07
0,0,0.25
1,0,0.409628303660203
0,1,0.8684520912988066
0,0,0.01845209129880663
0,0,0.0
0,0,0.0
1,0,0.13
0,0,0.2911275184008049
0,1,0.545536402866458
0,0,0.20884931742819
0,0,0.017255120551455404
0,0,0.13
0,0,0.08
0,0,0.33129948649027546
1,0,0.15
1,0,0.4
0,0,0.08
0,0,0.01
0,0,0.0
0,1,0.5572305562428934
0,0,0.3
0,0,0.0
0,0,0.03
0,0,0.22
0,0,0.15
0,0,0.03
0,0,0.25
1,0,0.08
0,0,0.0
0,1,0.77
0,1,0.66
0,0,0.01
0,0,0.0
0,0,0.12
0,0,0.07
0,0,0.19
0,0,0.0
1,0,0.11
0,0,0.028452091298806628
0,1,0.7633655574750575
0,0,0.09
0,0,0.0
0,0,0.0
0,0,0.17
0,0,0.09
0,0,0.20116343709917217
0,0,0.0
0,0,0.08576672999385433
0,0,0.0
0,0,0.0
0,0,0.0
1,0,0.2
0,0,0.0
1,1,0.7594246587140949
0,0,0.03
0,0,0.01
0,0,0.3928187702776297
0,0,0.02
0,0,0.23957349704356207
0,0,0.01
0,0,0.09
0,1,0.5168983694747272
0,0,0.0
0,0,0.0
0,0,0.13
1,0,0.04
0,1,0.58
0,0,0.1723023201162826
0,1,0.56
0,0,0.15
0,1,0.602433416960937
0,0,0.02
0,0,0.23
1,1,0.6187931263750437
0,1,0.81
0,0,0.0
0,0,0.12
0,0,0.0
0,0,0.12
0,0,0.0
0,0,0.0
0,0,0.17
0,0,0.0
0,0,0.0
1,0,0.02
0,0,0.1
0,0,0.23813021535566892
1,0,0.24
0,0,0.01
0,0,0.0
0,0,0.0
0,0,0.0
0,0,0.0
1,1,0.65206489197011
1,0,0.39
0,0,0.16
0,0,0.01845209129880663
0,0,0.0
0,0,0.02312727740386676
0,0,0.27
0,0,0.0
0,0,0.2726756930210213
0,0,0.3942233358031917
0,1,0.8229724054633717
0,0,0.03
0,1,0.5467353764819375
0,0,0.26
0,0,0.25109234516193096
0,0,0.01
0,0,0.0636294471107422
1,0,0.17
0,0,0.14
0,0,0.01
0,0,0.0
0,0,0.33
0,1,0.5298348096254243
0,0,0.23599847521151168
0,0,0.0
0,0,0.01
0,0,0.04052092955054813
1,0,0.37
0,0,0.11690418259761325
0,0,0.0
0,0,0.3767123563807873
0,0,0.16
1,0,0.43
0,0,0.04
0,1,0.6190695864828143
1,0,0.21
0,0,0.01
0,0,0.0
1,0,0.10784492956231853
0,1,0.61
0,0,0.19
0,0,0.0
0,0,0.0
0,0,0.32
0,0,0.0
0,0,0.0
1,0,0.2666213165523404
0,0,0.26
1,1,0.64
0,0,0.0
1,0,0.04
0,0,0.16
0,0,0.08
0,0,0.26
1,0,0.08
0,0,0.3435275491078534
0,0,0.0
0,0,0.2428539719997236
0,0,0.4691611201808364
0,0,0.0
0,0,0.03
0,0,0.0
1,1,0.54
0,0,0.0
0,0,0.19
0,0,0.01
0,0,0.0
0,0,0.16
0,0,0.0
1,0,0.11
0,0,0.0
0,0,0.046859426422190875
0,1,0.8651172288279971
0,0,0.32
0,0,0.5
0,0,0.18
0,1,0.72
0,0,0.25
0,0,0.01
0,0,0.0
1,1,0.86
0,0,0.01
0,0,0.08
0,0,0.0
0,0,0.0
0,0,0.0
0,0,0.008452091298806627
0,0,0.057462046094646856
1,1,0.622605486934721
0,0,0.07
0,0,0.0
0,1,0.62
0,0,0.0
1,0,0.0
0,0,0.21
0,0,0.43
1,0,0.05
0,0,0.35
0,0,0.4815192957855027
0,0,0.13
1,0,0.08
0,0,0.0
0,1,0.6119077226792354
0,0,0.09
0,0,0.01
1,0,0.37
1,1,0.6978449295623185
0,0,0.0
0,1,0.6684520912988066
1,1,0.68
0,0,0.10742175935987051
0,0,0.4851435893047744
0,0,0.03
0,0,0.0
0,0,0.0
0,0,0.15
0,1,0.59
0,0,0.0
0,0,0.17
0,0,0.20108692546950768
0,1,0.87
0,0,0.15
0,0,0.46
1,0,0.007319153205578408
0,0,0.0
0,0,0.0
0,0,0.0
0,0,0.02
0,0,0.06
0,0,0.0
0,0,0.09
1,0,0.4
0,0,0.0
1,0,0.08731915320557841
0,0,0.0
1,0,0.09
1,0,0.04
0,0,0.0
1,0,0.19
0,0,0.023616174066703563
0,0,0.02
0,0,0.0
0,0,0.11577181739061634
0,0,0.13
0,0,0.14138697632222683
0,0,0.32339644395309924
0,0,0.43
0,0,0.01
0,0,0.3917739982343641
1,1,0.56
0,0,0.0
0,1,0.6769605467192431
0,0,0.33
0,0,0.03
0,0,0.06
0,0,0.06784492956231852
0,0,0.0
0,0,0.0
0,0,0.0
1,0,0.23
0,0,0.30696638351419187
0,0,0.32
0,0,0.04
0,0,0.36
0,0,0.0076614738316121145
0,0,0.05
0,0,0.13
0,0,0.0
0,0,0.48
0,0,0.09
0,0,0.4511690979856619
0,0,0.0
0,0,0.0
1,0,0.06845209129880664
0,0,0.06
0,0,0.22
0,0,0.017613211479642996
0,0,0.05
0,0,0.0
0,0,0.33245951010144353
0,0,0.0
0,0,0.02
0,0,0.05
0,0,0.0
0,0,0.0
0,0,0.008452091298806627
0,0,0.0
0,0,0.44
0,0,0.07
0,0,0.11731915320557841
1,0,0.16
0,0,0.31
1,0,0.0
1,1,0.56
0,0,0.01
0,0,0.13
0,0,0.16335822134838737
1,0,0.04
0,0,0.15
0,0,0.37406725023041715
0,0,0.0
0,0,0.18
0,0,0.0
0,0,0.0
0,0,0.025771817390616344
0,0,0.0
0,0,0.19
0,0,0.17
0,0,0.18
0,0,0.18731915320557843
0,1,0.88
0,0,0.0
0,0,0.0
0,0,0.07
0,0,0.42
0,1,0.69
0,0,0.0
0,0,0.11
0,0,0.37
1,1,0.52
0,0,0.41
0,0,0.0
0,1,0.6190695864828143
1,1,0.5403360697283659
0,0,0.0035318324860808526
0,0,0.06
0,0,0.16380836519522649
1,0,0.21
0,0,0.12
0,0,0.18
0,0,0.0
0,0,0.025356273896419878
0,0,0.01
0,0,0.0
1,0,0.33474911215993175
0,0,0.27548454180012133
0,1,0.75
0,1,0.6
0,1,0.7599807453496611
0,0,0.0
0,1,0.5464474327106101
0,1,0.5055009440545757
0,0,0.04
0,0,0.0
0,0,0.07
0,0,0.0
0,0,0.01
1,0,0.3
0,0,0.19
0,0,0.11
0,0,0.01
0,1,0.7058818101186182
0,0,0.06
0,0,0.16
0,0,0.04
0,0,0.02
0,0,0.17896115180222302
0,0,0.0
1,0,0.02
0,0,0.29
0,0,0.482015072736394
0,0,0.0
1,0,0.1926653698525127
0,0,0.04
0,0,0.0
0,0,0.0
0,0,0.0
0,0,0.0
0,0,0.1
0,0,0.0
1,0,0.23136016880035493
0,0,0.15
0,0,0.16044916992645242
0,1,0.6190695864828143
0,0,0.11689295425642075
0,0,0.0
0,0,0.0
0,0,0.2578555282685986
1,1,0.98
0,0,0.3430977532797643
0,0,0.15
0,0,0.0
0,0,0.0
0,0,0.06
0,0,0.01
0,0,0.14
1,0,0.04
0,0,0.09422333580319166
0,0,0.05
0,0,0.0
0,0,0.482015072736394
1,0,0.02
0,0,0.03
0,0,0.3736610313683042
0,0,0.0
0,0,0.0
0,0,0.14903929844265287
0,0,0.15
0,0,0.09
0,0,0.034764548363921365
0,0,0.0
0,1,0.7082016348639719
1,1,0.5559049321005098
1,0,0.1
1,0,0.08
0,0,0.0
0,0,0.0
0,0,0.2
0,0,0.27
0,0,0.0
0,0,0.0
0,0,0.14
1,0,0.0
0,1,0.61
0,0,0.4173191532055784
0,0,0.06
0,0,0.09
0,1,0.62
0,0,0.11
0,0,0.20263623541288378
0,0,0.06
1,0,0.02
1,0,0.01
0,0,0.03645403875077413
0,0,0.3095621968803251
0,0,0.01
0,0,0.29
0,1,0.6776077917872197
0,1,0.6364540387507741
0,0,0.02
0,0,0.0
0,0,0.0
0,0,0.07070360918960644
0,0,0.02
1,0,0.0
1,1,0.69
0,0,0.20108692546950768
0,0,0.23688788700922042
0,0,0.125226422959286
1,0,0.0
0,0,0.03
0,0,0.26
0,0,0.06
0,0,0.17
0,0,0.08
0,1,0.64
0,0,0.03
0,0,0.21
0,0,0.0
0,0,0.0
0,0,0.015196476104711348
0,0,0.0
0,0,0.07
0,0,0.34
0,0,0.04
0,0,0.0
0,0,0.05845209129880662
0,0,0.02
0,0,0.16
0,0,0.0
0,0,0.1
0,0,0.21
0,0,0.46047561479858584
1,0,0.22801270514569924
0,0,0.0
0,0,0.042474585353801386
0,0,0.30719318822445574
0,0,0.44
0,0,0.03
0,0,0.16
0,0,0.06
0,1,0.9
0,1,0.6056151589316106
0,0,0.043540780307240505
1,1,0.7431564472833161
0,0,0.0
0,0,0.21
0,0,0.19
0,0,0.31
0,0,0.09
0,0,0.15
0,0,0.02519590321848004
1,0,0.1064781404664032
1,0,0.01
0,0,0.005771817390616346
0,0,0.11
0,0,0.0
0,0,0.01
0,0,0.07
0,0,0.0
1,0,0.04
1,0,0.3398705593578024
0,0,0.06
1,0,0.02
0,0,0.04
0,0,0.0
0,0,0.04
0,0,0.07
1,0,0.07
1,0,0.48
0,0,0.39
0,0,0.008452091298806627
0,0,0.0
1,0,0.455882316172183
0,0,0.11
0,0,0.41
0,0,0.12
0,0,0.12
0,0,0.0
0,0,0.0
0,0,0.16
0,0,0.20845209129880662
0,0,0.14309039770996346
0,0,0.27
0,0,0.0
0,0,0.01731915320557841
0,0,0.0
0,0,0.11154248900877008
0,0,0.0
0,0,0.0
0,0,0.13
0,0,0.0
1,0,0.06
0,0,0.18704451984941756
0,0,0.0
0,0,0.05
0,0,0.0
0,0,0.03
1,1,0.53
0,0,0.0
0,0,0.0
0,1,0.54
0,0,0.0
0,0,0.0
0,0,0.2073191532055784
0,0,0.0
0,0,0.0
0,0,0.03490613004958076
0,0,0.0
0,0,0.0
1,1,0.6174185375256664
0,0,0.23
0,0,0.03
0,0,0.1
0,0,0.06
0,0,0.0
1,0,0.02
0,0,0.4001499660776553
0,0,0.4728289201227597
0,0,0.26845209129880665
0,0,0.4071025308182479
0,0,0.01
0,0,0.0
0,0,0.05
0,0,0.0
0,0,0.0
0,0,0.06740318343795912
0,1,0.7188816684506396
0,0,0.0
1,0,0.15
0,0,0.04
1,0,0.24845209129880666
0,0,0.0
0,0,0.23212487631930656
0,0,0.02
0,0,0.0
0,0,0.0
1,0,0.03
1,0,0.02519590321848004
0,0,0.2778244048992868
0,0,0.04
0,0,0.0
0,0,0.2
0,0,0.0
1,0,0.09
0,0,0.2
0,0,0.02
0,0,0.07
0,0,0.01860607965115782
0,0,0.06648970460220621
0,0,0.06154248900877007
0,0,0.0
0,0,0.22093532727228193
0,0,0.1574245392619301
0,0,0.3846054204537948
0,0,0.0
0,0,0.01
0,0,0.14
0,0,0.0
0,0,0.0
0,0,0.0
0,0,0.11
0,0,0.038452091298806626
0,0,0.0
1,0,0.02
1,1,0.91
0,0,0.03
0,0,0.13
1,1,0.56
0,1,0.6678449295623184
1,0,0.17090460526109247
0,0,0.16
1,0,0.21
0,0,0.48
1,0,0.10645403875077414
0,1,0.7269004339510243
0,1,0.71
0,1,0.753897163545584
0,0,0.13
0,0,0.056904182597613255
0,0,0.4511690979856619
1,0,0.167613211479643
0,0,0.0
0,0,0.05
0,0,0.08
0,1,0.6978449295623185
0,0,0.36974285466697654
0,0,0.11
0,0,0.28726510090086466
0,0,0.06690418259761324
1,1,0.7528857576143234
0,1,0.6364540387507741
0,0,0.15690418259761327
0,0,0.3
1,0,0.2
0,0,0.37
0,0,0.29
1,0,0.0
0,0,0.0
1,0,0.04
0,0,0.0
0,0,0.0
0,0,0.03220028903909196
0,0,0.22
0,0,0.0
0,0,0.0
0,0,0.05
0,0,0.03
0,0,0.02
0,0,0.025316826737585226
0,0,0.0
0,0,0.03
1,0,0.46
0,0,0.0
1,1,0.6479271471209238
0,0,0.12
0,0,0.0
0,0,0.0
0,0,0.014381155959011682
0,1,0.5033139429305192
0,0,0.01
0,1,0.7184520912988066
0,0,0.0
1,0,0.24
0,0,0.05845209129880663
0,0,0.22419887092240945
0,0,0.01
0,0,0.11
0,0,0.137613211479643
0,0,0.26
0,0,0.07
0,0,0.32
1,1,0.87
0,0,0.0
0,0,0.0
0,0,0.0
0,0,0.28
0,0,0.05
0,0,0.08
0,0,0.0
0,0,0.18
0,1,0.7082016348639719
0,0,0.11
0,0,0.33
0,0,0.03
0,0,0.0
0,0,0.09
0,0,0.044223908689422976
1,0,0.02
0,1,0.8060938935761424
0,0,0.04
0,0,0.12
1,0,0.03
0,0,0.06
0,0,0.0
0,0,0.09
0,0,0.08
0,0,0.09
0,0,0.03
0,0,0.048456355669109934
0,0,0.0
0,0,0.03
1,1,0.53
1,1,0.6190695864828143
0,0,0.2691611201808364
1,0,0.13
0,0,0.0
0,0,0.01845209129880663
0,0,0.2016746926365186
0,0,0.024932364685221402
1,0,0.23731915320557842
0,0,0.0
0,0,0.22845209129880664
0,0,0.04
0,0,0.25
0,0,0.16
1,0,0.42
0,0,0.10784492956231853
0,0,0.09054261265679067
0,0,0.0
0,0,0.1
0,0,0.0
0,0,0.08040955091554185
0,1,0.701033857299572
0,0,0.1
1,0,0.02916112018083637
0,1,0.73
0,1,0.6430849780175402
1,1,0.85
0,0,0.0
0,0,0.32339644395309924
1,0,0.03
1,0,0.08
0,0,0.04
0,0,0.0
0,0,0.11
0,0,0.07
0,1,0.8684520912988066
0,0,0.04
0,0,0.13
1,0,0.18
0,0,0.08
0,0,0.07
0,0,0.018311006374370067
0,1,0.63
0,0,0.09
0,0,0.1723023201162826
0,0,0.0
0,0,0.0
0,0,0.0
0,0,0.0
1,0,0.06
0,0,0.0
0,1,0.8522311941426992
0,0,0.0
0,0,0.39885625413151315
0,0,0.02
0,0,0.0
0,0,0.4830437574564899
0,0,0.08577124450438504
0,0,0.347613211479643
0,0,0.03
0,0,0.01
0,1,0.545536402866458
1,1,0.805356539815443
0,0,0.0
0,0,0.482015072736394
0,0,0.0773191532055784
0,0,0.07
0,0,0.23957349704356207
0,0,0.14
0,0,0.08
0,0,0.0
0,0,0.03
0,0,0.38735729443520833
0,0,0.01
0,0,0.02
0,0,0.03
0,0,0.482015072736394
0,0,0.0
0,0,0.0
0,0,0.03
0,0,0.03438217096173485
0,0,0.14
1,0,0.009247313342441442
0,0,0.016904182597613254
0,0,0.05
0,0,0.0
0,0,0.12
0,0,0.09
0,0,0.12
0,0,0.0
0,0,0.02
1,0,0.0922515178907998
0,0,0.0
0,0,0.0
0,0,0.2
0,0,0.05
1,0,0.19
0,0,0.11
0,0,0.0
0,1,0.65
0,0,0.01845209129880663
0,0,0.0
0,0,0.06438007676190016
0,1,0.69
0,0,0.03
1,0,0.34
0,0,0.39
0,0,0.06
0,0,0.0
0,0,0.0
0,0,0.01845209129880663
0,1,0.7884520912988066
0,0,0.0
1,0,0.09
0,0,0.031547505569728795
1,0,0.09632884131170825
0,0,0.4
1,0,0.047896035766404915
0,0,0.0446831637127574
0,0,0.05
0,1,0.5251202928898946
0,0,0.12222585614139048
0,0,0.0
0,0,0.04
0,0,0.0
0,0,0.42
0,0,0.01
0,0,0.47
1,1,0.8822252832551591
0,0,0.0
0,0,0.0
0,0,0.09
0,0,0.0
0,0,0.07
0,1,0.6125740841513574
0,0,0.0
0,0,0.03
1,0,0.18
0,0,0.0
0,0,0.0
0,0,0.0
0,0,0.02
0,0,0.02
0,0,0.41
1,0,0.0
0,0,0.11736401050717898
0,0,0.17
0,0,0.0
0,0,0.01845209129880663
0,0,0.05
0,1,0.6792716906654906
1,0,0.43
1,0,0.17
0,0,0.12
0,0,0.11916112018083638
1,1,0.5768920979124909
1,0,0.05
1,0,0.22
0,0,0.49
0,0,0.0
0,0,0.42082650609872835
0,1,0.7494203847941343
0,0,0.08
0,0,0.015196476104711348
0,0,0.0
0,0,0.14
0,0,0.0
1,0,0.03
0,0,0.13
0,0,0.22
1,1,0.5484520912988067
0,0,0.31
1,0,0.12897557267286222
0,1,0.55
0,0,0.0
0,0,0.46
1,0,0.02
0,0,0.077613211479643
0,0,0.4071025308182479
1,0,0.19
0,0,0.007319153205578408
0,0,0.03084195311372716
0,0,0.0
0,1,0.7269004339510243
0,0,0.0
1,1,0.713175703899268
0,0,0.23
1,0,0.07
1,1,0.7
0,0,0.06154248900877007
0,0,0.28
0,0,0.017613211479642996
0,1,0.55
1,0,0.33710039170542205
0,0,0.0
0,0,0.04
0,0,0.29
0,0,0.0
0,0,0.0
0,0,0.04645403875077413
0,0,0.0
1,0,0.05784492956231853
0,0,0.0
0,0,0.2378449295623185
0,0,0.2984520912988066
0,0,0.49602386694888895
0,0,0.43
0,0,0.0
1,0,0.34
0,0,0.32004969455813526
1,0,0.06813720022308979
0,0,0.34796952653022467
0,1,0.88
0,0,0.2961610610169729
0,0,0.0
0,0,0.0
0,0,0.4815192957855027
0,0,0.47731915320557844
0,0,0.0
0,0,0.0
0,1,0.701033857299572
0,0,0.0
0,1,0.85
1,0,0.26
1,0,0.10784492956231853
0,0,0.0
0,0,0.0
0,0,0.0
0,0,0.03
0,0,0.0
0,0,0.09
0,0,0.0
0,0,0.00784492956231853
0,0,0.13
0,0,0.02
0,0,0.14
0,0,0.482015072736394
0,0,0.17
0,0,0.12
0,0,0.1
0,0,0.0
0,0,0.0
0,0,0.13
0,0,0.0
0,0,0.04181031264719401
0,0,0.16
0,0,0.0
0,0,0.14
0,0,0.19479484757202944
0,0,0.13
0,0,0.12845209129880664
1,0,0.01
0,0,0.41
0,0,0.23
0,0,0.0
0,0,0.01
0,0,0.36260499055069106
0,1,0.81
0,0,0.5
1,0,0.03
0,0,0.04
0,0,0.03
1,0,0.38
0,1,0.6660590024441825
0,0,0.0
0,0,0.31
0,0,0.34
0,0,0.07
0,0,0.08
0,0,0.02
0,0,0.23688788700922042
0,0,0.13
0,0,0.4317158055542466
0,0,0.0
0,0,0.15
0,0,0.39885625413151315
0,0,0.0
0,0,0.11
0,0,0.0
0,0,0.11
1,0,0.3731323313584036
0,0,0.137037870193738
1,0,0.46047561479858584
1,0,0.14
0,0,0.47
0,0,0.13938257176489663
0,0,0.17
0,1,0.7883222403616728
0,0,0.0
1,1,0.9
0,0,0.22
1,0,0.27
0,0,0.18
1,0,0.01
1,0,0.27
0,0,0.3149323646852214
1,0,0.34
0,0,0.05
0,0,0.28
1,1,0.53
0,0,0.31
0,0,0.28
0,0,0.015771817390616345
0,0,0.0
0,0,0.22
0,0,0.0
0,0,0.16
0,0,0.10690418259761326
0,0,0.0
0,0,0.0
0,0,0.26619899037457434
0,0,0.29
0,1,0.52
0,0,0.0
0,0,0.0
0,0,0.0
0,0,0.007319153205578408
0,0,0.0
0,0,0.04
0,0,0.08
0,0,0.0
0,0,0.0
0,0,0.14
0,0,0.14
0,0,0.01
0,0,0.48
0,0,0.0
0,0,0.0
0,0,0.0
0,0,0.04
0,0,0.19
1,0,0.2735511162546241
0,0,0.0
0,0,0.04
0,0,0.10183712016906597
0,0,0.01
1,0,0.46
0,0,0.02
0,0,0.0
0,0,0.2
0,0,0.01
1,0,0.14
0,0,0.24
0,0,0.34059502617981285
0,0,0.45
0,0,0.1907909359165721
0,0,0.0
0,0,0.1720404476964371
0,0,0.18
0,0,0.03
0,0,0.07956219688032508
0,0,0.0
0,0,0.15
0,0,0.20931744450404885
0,0,0.0
0,0,0.05
0,0,0.0
0,0,0.05645403875077413
0,0,0.3767123563807873
0,0,0.14
0,1,0.9257712445043851
0,0,0.2
0,0,0.0
0,0,0.0
0,1,0.6820687843319746
0,0,0.0
0,0,0.27
1,0,0.25837136203357663
0,0,0.04181031264719401
0,0,0.14154306189500138
0,0,0.0
0,0,0.2961610610169729
0,0,0.28
0,0,0.006093893576142344
0,1,0.701033857299572
0,1,0.6349943372028731
0,0,0.0
0,0,0.09
0,0,0.0
0,1,0.76
0,0,0.02
0,1,0.7
0,1,0.7269004339510243
0,0,0.19
0,0,0.0
0,0,0.3
0,0,0.16
1,1,0.75
0,0,0.18
0,0,0.028452091298806628
0,0,0.2196466636693026
0,0,0.02
1,0,0.0
1,0,0.11
0,0,0.49
0,0,0.09
0,1,0.69
0,0,0.01
0,0,0.07048618988669203
0,0,0.0
0,0,0.3
0,0,0.0
0,0,0.17
0,0,0.01
0,1,0.78
0,0,0.04
0,0,0.39
0,0,0.26
0,0,0.4001499660776553
0,0,0.0
0,0,0.0
0,1,0.9560338497186094
1,0,0.11
0,0,0.41
0,0,0.22
0,0,0.0
0,0,0.0
1,0,0.03
0,0,0.03
0,0,0.12617095475382428
0,0,0.22
0,0,0.11
0,0,0.1
0,0,0.0
0,0,0.02
0,0,0.06
0,0,0.055771817390616346
0,0,0.0
1,1,0.8084520912988066
0,0,0.3003960915421253
0,0,0.0
0,0,0.28
0,0,0.12
0,0,0.0
1,0,0.08
0,0,0.4071025308182479
1,0,0.1
0,0,0.0
1,0,0.31
0,0,0.09
1,0,0.2
0,0,0.4343266246552483
0,0,0.02
0,0,0.11
0,0,0.1
0,0,0.14
0,0,0.0
0,1,0.6102321236583326
0,0,0.48
0,0,0.0
1,0,0.18
0,0,0.07048618988669203
0,0,0.0
1,0,0.0
0,0,0.0
0,0,0.05
0,0,0.02
0,1,0.62
0,0,0.026904182597613256
0,0,0.02
0,1,0.54
0,0,0.36
0,0,0.24
0,1,0.6666698782574336
0,0,0.0
1,0,0.3470324505013147
0,0,0.38
0,0,0.09
0,0,0.02
0,0,0.08
0,0,0.01
0,0,0.0
1,0,0.16
0,0,0.0
0,0,0.02
0,0,0.2573191532055784
0,0,0.2
0,1,0.88
0,0,0.02
0,0,0.029109413453009464
1,0,0.31
1,0,0.03317604673143072
1,1,0.6748745152700699
0,0,0.32
0,0,0.3
0,0,0.0
0,0,0.0
1,1,0.9273640105071789
0,0,0.33
0,0,0.1
0,0,0.11
0,0,0.0
0,0,0.0
0,0,0.04
0,0,0.0
0,0,0.09598941573896713
0,0,0.33
1,1,0.69
0,0,0.389424658714095
0,1,0.5789805633533198
0,1,0.5560653027784496
0,0,0.0
0,1,0.9662554747192906
0,1,0.8057712445043851
0,0,0.21163408965569638
0,0,0.0
0,0,0.0
1,0,0.16
0,0,0.0
0,0,0.02916112018083637
0,0,0.42231908613473396
0,0,0.0
0,0,0.01
0,0,0.19479484757202944
0,1,0.5090970221945844
0,0,0.07101969225356183
0,0,0.03
0,0,0.0
0,0,0.0
0,0,0.07
0,0,0.0
0,0,0.0
1,0,0.13
1,0,0.0
0,0,0.0
0,0,0.323313465172965
1,0,0.17
0,0,0.06
0,0,0.008452091298806627
0,1,0.5985047102112643
0,0,0.0
0,0,0.0977932425859375
0,0,0.15690418259761327
0,0,0.0
0,0,0.0
0,0,0.07
0,0,0.0
0,0,0.17
0,0,0.0
0,0,0.32
0,0,0.2873191532055784
0,0,0.4678449295623185
0,0,0.45
0,0,0.017255120551455404
0,0,0.32
0,0,0.13
0,0,0.04916112018083637
0,0,0.01
0,0,0.2
0,0,0.0
0,0,0.0
0,0,0.12
1,0,0.3849061300495808
0,0,0.4
0,0,0.0
0,0,0.06
0,0,0.0
0,0,0.02
1,0,0.04
0,0,0.0
0,0,0.12
0,0,0.0
0,0,0.15
1,1,0.56
0,0,0.0
0,0,0.05495303422791295
0,0,0.01
1,0,0.02
0,0,0.12
0,0,0.0
0,0,0.01
0,1,0.85
0,0,0.13
0,0,0.18
0,0,0.08
0,0,0.3784520912988066
0,0,0.0
0,0,0.14
0,0,0.19845209129880662
0,0,0.03
0,0,0.0
0,0,0.26
0,0,0.14
0,0,0.338853491724934
0,0,0.13
1,0,0.30845209129880663
0,0,0.08
1,0,0.47
0,0,0.0
0,0,0.09
0,0,0.08832224036167274
0,0,0.28845209129880667
1,0,0.04
0,0,0.16
0,0,0.0
0,0,0.13
1,1,0.701033857299572
1,0,0.34476454836392134
0,0,0.25
0,0,0.0
0,0,0.03
0,0,0.08845209129880661
0,0,0.15
0,0,0.07338502887025934
0,0,0.15
0,0,0.39
0,0,0.07
1,1,0.93
1,1,0.76
0,0,0.15
0,0,0.018311006374370067
0,0,0.19479484757202944
0,0,0.0
1,0,0.26
0,0,0.12
0,0,0.0
0,0,0.16
1,0,0.07
0,0,0.03222528325515917
0,0,0.06297916943878948
0,0,0.11
0,0,0.46
0,0,0.41688982430195665
0,1,0.669562196880325
0,0,0.44
1,0,0.35
0,0,0.23377319195635252
0,0,0.05
0,1,0.6676993928261943
0,0,0.36
0,0,0.0
0,0,0.14522642295928598
0,0,0.07
1,0,0.3584520912988067
0,0,0.05
0,0,0.0
0,0,0.015196476104711348
1,0,0.02
0,0,0.08690418259761325
0,0,0.0
1,0,0.07
0,0,0.15
0,0,0.28
0,0,0.05
0,0,0.0
0,0,0.029562196880325072
1,1,0.72
0,0,0.1
0,0,0.059424658714095
0,0,0.01
0,0,0.09
0,0,0.23
0,0,0.11
1,1,0.7514132109578675
0,0,0.02
1,0,0.14
1,0,0.07
0,0,0.05
0,0,0.04
0,0,0.12
0,0,0.0
0,1,0.5434537298560206
0,0,0.20052480789200128
0,0,0.11761321147964302
1,0,0.0
0,1,0.65
1,1,0.600913510105141
0,0,0.2
0,0,0.11
0,0,0.01
1,0,0.01
0,0,0.01
0,1,0.69
0,0,0.35
0,0,0.27936476512694436
0,0,0.39
0,0,0.02
0,0,0.22
0,0,0.02
0,0,0.0
0,0,0.4778695181436192
0,1,0.5305673091439319
1,0,0.26845209129880665
0,0,0.03
0,0,0.12
0,0,0.0
0,0,0.47
1,0,0.0
0,0,0.0
0,0,0.047319153205578404
0,0,0.09
0,0,0.13
0,0,0.01
0,0,0.08677433166047938
0,0,0.038452091298806626
0,0,0.23
0,0,0.27
0,0,0.23
0,0,0.24
0,1,0.9090038792859417
0,0,0.05
0,0,0.02
0,0,0.04
0,0,0.13845209129880665
1,1,0.7599207720770877
0,0,0.22
0,0,0.12
0,0,0.1936821193389148
0,1,0.7949642177011187
0,0,0.0529343121371889
0,0,0.0
1,0,0.15
0,0,0.0
0,0,0.12
0,0,0.16
0,1,0.73
0,0,0.0
0,0,0.0
0,0,0.07
0,0,0.0749323646852214
1,0,0.02
0,0,0.01
0,0,0.3812554219115
1,0,0.4073477880690357
0,0,0.4511690979856619
1,0,0.0
0,0,0.03
0,0,0.02
1,0,0.06
0,0,0.0
0,0,0.32
0,0,0.15
0,0,0.0
0,1,0.94
0,0,0.13
1,0,0.12
0,0,0.14261905860981797
0,0,0.0
0,0,0.3727510596118993
0,0,0.0
0,1,0.63
0,0,0.07886164221434847
0,0,0.23
0,0,0.46047561479858584
1,0,0.13645403875077414
0,0,0.02
0,0,0.0
0,0,0.0
0,0,0.18
0,0,0.0
0,0,0.0
1,0,0.12
0,0,0.24
0,0,0.04784492956231853
0,0,0.0
0,0,0.36
1,0,0.11
0,0,0.0
0,0,0.02
0,0,0.0
0,0,0.0
0,0,0.0
0,0,0.09
0,0,0.08
0,1,0.7431564472833161
0,1,0.67
0,0,0.0
0,0,0.1
0,0,0.05
0,0,0.28
1,0,0.3
0,0,0.0
0,0,0.0
0,0,0.2961610610169729
0,0,0.32
0,0,0.01
0,0,0.13
1,0,0.29
0,0,0.0622515178907998
0,0,0.03420849283151965
0,0,0.0
0,0,0.3
0,0,0.01
0,0,0.07
0,0,0.025758933010134228
0,0,0.05
0,0,0.06
0,1,0.5973191532055784
1,0,0.07147346743984881
0,0,0.2849034124288903
0,0,0.0
0,0,0.0
0,0,0.34
0,0,0.0
0,0,0.0
0,0,0.34845209129880655
0,1,0.776381609549993
0,0,0.02
0,0,0.0
0,0,0.14
0,1,0.6819250736220277
0,0,0.18493236468522142
0,0,0.0
0,0,0.30577124450438503
0,0,0.0
0,0,0.08073191591829298
1,1,0.64
1,0,0.14
0,1,0.57
0,1,0.77
0,0,0.0
0,0,0.19
0,0,0.06191719869779692
0,0,0.034062965125251816
0,0,0.0
0,0,0.0
0,0,0.02
0,0,0.13
0,0,0.2930903977099635
1,0,0.03
0,0,0.13
0,0,0.0
0,0,0.2573191532055784
0,0,0.0
0,0,0.3374628777083749
0,0,0.08
0,0,0.325591048843879
0,0,0.05
0,0,0.0
0,0,0.01
1,0,0.06379942659199318
0,1,0.9
1,1,0.53
0,0,0.12
0,0,0.42
0,0,0.0
0,0,0.16
0,0,0.01
1,0,0.17916112018083638
0,0,0.03
1,0,0.31
0,0,0.29
0,1,0.54
0,0,0.32
1,1,0.8516847260803634
1,1,0.65
0,0,0.0
0,0,0.25
0,1,0.6014420074855412
0,0,0.1966599402018767
1,0,0.39
0,0,0.285627044997742
1,0,0.20675003290221627
1,0,0.2273191532055784
0,0,0.05
0,0,0.03
1,0,0.01
0,0,0.01
0,0,0.4317158055542466
0,0,0.32
0,0,0.0
0,0,0.04
0,0,0.25850970312776933
0,0,0.09
0,0,0.3435275491078534
0,1,0.6186224012512977
1,0,0.08
0,0,0.10648027338641479
0,0,0.0
0,0,0.14
0,0,0.16
0,0,0.24
0,0,0.0
0,0,0.01
0,0,0.0
0,0,0.0
0,0,0.0
0,0,0.0
0,0,0.33710039170542205
0,0,0.0
1,0,0.21587869746486912
0,0,0.0
0,0,0.0
0,0,0.44
0,0,0.0
0,0,0.01
0,0,0.08
0,0,0.07801043760902637
0,0,0.09
0,0,0.0
0,0,0.01
0,1,0.5913348743064162
0,0,0.0
0,0,0.01845209129880663
0,0,0.11
0,0,0.0
0,0,0.04
0,0,0.1299845230580911
0,0,0.28
0,0,0.2521000858160933
0,0,0.03
0,0,0.0
0,0,0.2
0,0,0.05
1,0,0.31
0,0,0.0
0,0,0.014223908689422972
0,1,0.71
0,0,0.03
0,0,0.44
0,0,0.0
0,0,0.04
0,0,0.4511690979856619
0,0,0.09
0,0,0.01
0,0,0.0
0,0,0.045655731128045766
0,0,0.15
0,0,0.23688788700922042
0,0,0.01
0,0,0.03
0,0,0.0
0,1,0.8449061300495808
0,0,0.0
0,0,0.13527306860198954
0,0,0.05
0,0,0.3435275491078534
1,1,0.65
0,0,0.31
0,0,0.0
1,0,0.07
0,0,0.03
0,0,0.008452091298806627
0,0,0.3046383064111568
0,0,0.3674071264426436
0,0,0.1352746853112551
0,0,0.1
0,0,0.01
0,0,0.41731915320557844
1,0,0.31
0,0,0.13
0,0,0.2585846235728113
0,0,0.0
1,0,0.4333582213483874
0,0,0.02
1,1,0.6368975703668651
0,1,0.58
0,0,0.37
0,0,0.0
1,1,0.89
0,0,0.38
0,1,0.9560338497186094
0,0,0.31
0,0,0.0
0,0,0.12
0,1,0.639562196880325
0,1,0.83
0,0,0.19138640343599556
0,0,0.02
0,0,0.08
0,0,0.285627044997742
0,0,0.44
0,0,0.0
0,0,0.18
0,0,0.13
0,0,0.015196476104711348
0,0,0.02
0,0,0.0
0,0,0.08
0,0,0.0
0,0,0.11
0,0,0.0
0,0,0.05
1,0,0.0
0,0,0.07
0,0,0.04
0,0,0.054906130049580754
0,0,0.029109413453009464
0,0,0.32
0,1,0.86
0,0,0.0
0,0,0.0
0,0,0.31
0,1,0.6027320338673918
0,0,0.0
0,0,0.0
0,0,0.0
1,0,0.42
0,0,0.15
0,0,0.01
0,0,0.04
0,0,0.02
0,1,0.6190695864828143
0,0,0.4
0,1,0.7031355715716896
0,0,0.02
0,0,0.0
0,0,0.0
0,0,0.0
0,0,0.1
0,1,0.62
0,1,0.5150640704912811
0,0,0.27
0,0,0.0
0,0,0.17109870239897823
0,0,0.0
1,0,0.3169041825976132
0,0,0.0
0,0,0.09
0,0,0.0
0,0,0.028452091298806628
0,0,0.42001709236423923
0,1,0.8649061300495808
0,0,0.09731915320557841
0,0,0.0
0,0,0.0
0,0,0.02
0,0,0.0
0,0,0.33
1,0,0.23957349704356207
0,0,0.0
0,0,0.034062965125251816
0,0,0.46
1,0,0.21577124450438503
0,0,0.0
0,0,0.20914147492064128
0,0,0.033647994517286665
0,1,0.62
0,0,0.0
0,0,0.0
1,0,0.2
0,0,0.09
0,0,0.015771244504385034
0,0,0.11632884131170827
0,0,0.15379942659199317
0,0,0.0
0,0,0.07
0,0,0.0
0,0,0.2667743316604794
0,0,0.0
0,1,0.67
0,1,0.67
0,0,0.26
0,0,0.11
0,0,0.2573191532055784
0,0,0.02
0,0,0.0
0,0,0.06
0,0,0.02
0,0,0.05
0,0,0.03
0,0,0.04
0,0,0.4766597120888287
0,0,0.0
0,0,0.15
0,0,0.09
0,0,0.28
0,0,0.06
0,0,0.1
0,0,0.49417377087402675
0,0,0.11
0,0,0.0
0,1,0.6703689764252653
1,0,0.09
1,1,0.75
0,0,0.04
1,0,0.35
0,0,0.01
0,0,0.02
0,0,0.15
0,0,0.1931870865450164
0,0,0.0
0,0,0.0
1,0,0.0
1,0,0.03
0,0,0.42
0,0,0.1
0,0,0.0
0,1,0.58
0,0,0.0
0,0,0.13
0,0,0.03
0,1,0.5944754047579038
0,0,0.0
0,0,0.0
0,0,0.19655664490506625
0,0,0.0
0,1,0.65
0,0,0.0
0,0,0.0
0,0,0.14
0,0,0.12438115595901168
0,0,0.0
0,0,0.01
0,0,0.02
0,0,0.18
0,0,0.0
1,0,0.03
0,0,0.15
0,0,0.18801428817913174
0,0,0.05
0,0,0.11845209129880661
0,0,0.02
0,0,0.16845209129880664
1,1,0.617027153316471
0,0,0.047319153205578404
0,0,0.01
1,0,0.13577124450438505
0,0,0.26845209129880665
1,0,0.20361617406670354
0,0,0.05
0,0,0.4317158055542466
0,0,0.12916112018083636
0,0,0.0
0,0,0.0
0,0,0.32
0,0,0.0
0,0,0.007319153205578408
0,0,0.0
0,0,0.048452091298806635
1,0,0.01
0,0,0.05
0,0,0.32022723070712666
0,0,0.01
0,0,0.0
0,0,0.45
0,1,0.63
0,0,0.01
0,0,0.06
1,1,0.75
0,1,0.5033139429305193
0,0,0.0
0,0,0.4384520912988066
0,0,0.285627044997742
0,1,0.64
0,0,0.06
0,0,0.0
0,0,0.07
0,0,0.02
0,0,0.16
1,0,0.13
0,0,0.11
1,0,0.006454038750774132
0,0,0.02
0,0,0.07475970155772937
0,0,0.03
0,0,0.04
0,0,0.06740318343795912
0,0,0.1
0,0,0.0
0,0,0.0
0,1,0.63
0,0,0.0
0,0,0.09
0,0,0.0
0,0,0.07
0,0,0.0
0,0,0.0
0,1,0.5491611201808364
0,0,0.009828426410245996
0,0,0.0
0,1,0.617027153316471
0,0,0.0
0,0,0.14
0,0,0.07
0,1,0.62
0,0,0.31
0,1,0.5924429888020718
0,0,0.09916112018083638
0,0,0.285627044997742
0,0,0.0
0,0,0.0
0,0,0.1
0,0,0.05
1,1,0.89
0,0,0.1273191532055784
0,0,0.0
0,0,0.11636483429665889
0,0,0.0
1,0,0.35
0,1,0.5914237862604756
0,0,0.0
0,0,0.032252090777031124
0,0,0.0
0,0,0.09845209129880664
0,0,0.08113543125584044
0,1,0.5743392447275243
0,0,0.16
0,0,0.047896035766404915
0,0,0.08
0,0,0.0
0,0,0.07
0,0,0.05
0,0,0.07
0,0,0.0
0,0,0.05
0,0,0.02
1,1,0.5584520912988066
0,0,0.0
0,0,0.012908077501548263
1,0,0.03
0,1,0.67
0,0,0.0
0,0,0.0
1,0,0.0
0,0,0.04
0,0,0.35074361968501505
0,0,0.0
1,0,0.01
1,0,0.17
0,0,0.1
0,0,0.3
0,0,0.04
0,0,0.0
1,0,0.05
0,0,0.2082063647833337
0,0,0.325591048843879
0,1,0.69
0,1,0.63
0,0,0.01
0,0,0.145537255010754
0,0,0.37
0,0,0.28733419600447546
0,0,0.0
0,0,0.0
1,1,0.9560338497186094
0,0,0.007319153205578408
0,0,0.0
0,0,0.04
0,0,0.0
0,0,0.14493972025502228
1,1,0.84
0,1,0.8487942095988982
0,0,0.12
0,0,0.052519341529223745
0,0,0.0
0,0,0.30696638351419187
0,0,0.02
1,0,0.2
0,0,0.01
1,0,0.0
1,0,0.12
0,0,0.0
0,0,0.17
0,0,0.39
0,0,0.02
1,0,0.1
0,0,0.0
0,0,0.06
0,0,0.1
0,0,0.3731323313584036
0,0,0.11845209129880661
1,0,0.0
1,0,0.01
0,0,0.16
0,0,0.01
1,0,0.13
0,0,0.27
0,1,0.8684520912988066
1,1,0.62
0,0,0.34874072988044796
0,0,0.12
0,1,0.6673191532055784
0,0,0.13
0,0,0.0
0,0,0.09
0,0,0.4391294658527724
0,0,0.0
0,0,0.41
0,0,0.07397203761030431
0,0,0.046297020861125165
0,0,0.03731915320557841
0,0,0.06845209129880664
1,0,0.0
0,0,0.01647393027106866
0,0,0.03
0,0,0.01
1,0,0.43
0,0,0.0
0,0,0.01
0,0,0.15
0,0,0.28
0,0,0.09
0,0,0.21
0,0,0.14463830641115683
1,0,0.11
0,0,0.06379942659199318
0,0,0.0
1,0,0.27
0,1,0.6186224012512977
0,0,0.16845209129880664
1,1,0.85
0,0,0.0
0,0,0.4071025308182479
0,0,0.02
0,1,0.55
0,0,0.05334224290365883
0,0,0.01
0,0,0.007844929562318529
0,0,0.24
0,0,0.03
0,0,0.14
0,0,0.14
0,0,0.01845209129880663
0,0,0.44
0,0,0.0068594264221908795
0,0,0.0
0,0,0.16
0,1,0.7269004339510243
1,0,0.18
0,0,0.26
0,0,0.0476352362695338
0,0,0.0
0,0,0.008452091298806627
0,0,0.0
0,0,0.23
0,0,0.15
0,0,0.4902624039460007
0,0,0.0
0,0,0.04
0,0,0.08784492956231853
0,0,0.0
0,0,0.0
0,0,0.05
0,0,0.0
0,0,0.45291623059064284
0,0,0.04
0,0,0.22
0,0,0.0
1,0,0.08577181739061635
0,1,0.62
0,0,0.02
1,0,0.03
0,0,0.02
0,0,0.03
0,1,0.62
1,0,0.05577124450438504
0,0,0.008452091298806627
0,0,0.0
1,0,0.46
0,0,0.0
0,0,0.18
0,1,0.63
1,0,0.41
1,0,0.5
0,1,0.65
0,0,0.0
0,0,0.07
1,0,0.34427761847678495
1,0,0.018311006374370067
0,0,0.0
1,0,0.0
0,0,0.14
0,0,0.24
0,0,0.03
0,1,0.71
1,0,0.16
0,0,0.34422119106873256
0,0,0.0
0,0,0.18
1,0,0.0
0,0,0.14
0,0,0.06
0,0,0.14181906949396328
0,0,0.21
0,0,0.029109413453009464
0,0,0.27
0,0,0.01
0,0,0.12464160534345624
0,1,0.9240672502304171
0,0,0.0
0,0,0.0
0,0,0.0576352362695338
0,0,0.0
0,0,0.0
1,0,0.06
0,0,0.02
0,0,0.15
0,0,0.15
0,0,0.13361404114669198
0,0,0.0
1,1,0.88
0,0,0.028452091298806628
0,1,0.6621658175924153
0,0,0.05
0,0,0.0
1,0,0.026904182597613256
0,0,0.01
0,0,0.13
0,0,0.13
0,1,0.96
0,0,0.047319153205578404
0,0,0.4090158339762528
0,0,0.01
0,0,0.0
0,0,0.09
0,0,0.03
0,0,0.02
1,1,0.61
0,0,0.0
0,0,0.09
0,0,0.0
0,0,0.12761162844621055
0,0,0.0
0,0,0.04
0,1,0.6140581183190599
0,0,0.01
0,0,0.0
0,0,0.12
0,0,0.0
0,0,0.11
0,0,0.2961610610169729
0,0,0.40601623563109923
0,0,0.2
0,0,0.0
0,0,0.14
0,0,0.02
0,0,0.0
0,0,0.014764548363921364
0,0,0.015365957959146491
0,0,0.06731915320557841
1,0,0.03
0,0,0.49602386694888895
0,0,0.39741227561234227
0,0,0.0
0,0,0.01
0,0,0.0
0,0,0.03
0,0,0.06690418259761326
0,0,0.01
1,0,0.2253659579591465
0,1,0.5464474327106101
1,0,0.18
0,0,0.0
0,0,0.0
1,0,0.0
0,1,0.5255929263574788
0,0,0.0
0,0,0.0
0,0,0.0
0,0,0.0
0,0,0.03
0,0,0.08
0,0,0.3
1,1,0.87
0,0,0.18
0,0,0.0
0,0,0.21
0,0,0.0
0,0,0.15
0,1,0.65206489197011
0,0,0.0
0,0,0.03
0,0,0.08
0,0,0.16
0,0,0.0
0,0,0.0
0,0,0.08
0,0,0.008452091298806627
0,0,0.0
0,1,0.76
0,0,0.13916112018083637
0,0,0.02
0,0,0.04916112018083637
1,1,0.65
0,0,0.03
0,0,0.0
0,0,0.03891191920837236
0,0,0.037613211479643
0,0,0.026454038750774133
1,1,0.52
0,0,0.06
0,0,0.01
0,0,0.0
1,0,0.0
0,0,0.06
0,0,0.07301302213302713
0,0,0.03
0,0,0.04
0,0,0.0
0,0,0.0
0,0,0.0
0,0,0.0
0,1,0.62
0,0,0.07645403875077413
1,0,0.47
0,0,0.19479484757202944
0,0,0.0
0,0,0.2961610610169729
0,0,0.1
0,0,0.03
0,0,0.0
0,1,0.6508894568920242
0,0,0.0
0,0,0.12
0,0,0.03
1,0,0.23
0,0,0.04
1,0,0.5
1,1,0.79
0,0,0.09
0,1,0.5120277896131403
0,1,0.545536402866458
0,0,0.0
1,0,0.38
0,1,0.6190695864828143
0,0,0.3262805178310094
0,0,0.13916112018083637
0,0,0.2139814904005285
0,0,0.0
0,0,0.0
0,0,0.007319153205578408
1,0,0.19
0,0,0.0
0,0,0.06
0,0,0.03
0,0,0.0
0,0,0.31
0,0,0.06
1,1,0.74
0,0,0.06629702086112516
0,0,0.325591048843879
0,0,0.0
1,0,0.36
1,0,0.27535627389641987
0,0,0.01
0,1,0.73
1,0,0.12026240394600064
0,0,0.08677433166047938
0,0,0.46
1,1,0.72
0,0,0.0
0,0,0.0
1,1,0.6
1,0,0.41
0,0,0.22
0,1,0.6352463733295375
0,0,0.0
0,0,0.15
1,0,0.11
0,0,0.0
0,0,0.15
0,0,0.0
0,0,0.02
0,0,0.04645403875077413
1,0,0.29
0,0,0.01
0,0,0.0
0,0,0.04
0,0,0.27
0,0,0.0
0,0,0.0
0,0,0.0
0,1,0.72
0,0,0.01
1,1,0.64
0,0,0.0
0,0,0.0
0,0,0.03
0,0,0.06
0,0,0.2961610610169729
0,0,0.0
1,1,0.8
0,0,0.02
0,1,0.69
0,0,0.1
1,1,0.6792716906654906
0,0,0.2961610610169729
1,1,0.72
0,1,0.74
0,0,0.5
0,0,0.45291623059064284
0,0,0.012334973876963846
0,0,0.0
0,0,0.11845209129880663
1,1,0.6819250736220277
0,0,0.03
0,0,0.0
0,0,0.008452091298806627
0,0,0.0
1,1,0.52
0,0,0.11
0,0,0.23
1,0,0.41
0,1,0.86
0,1,0.6032207774107112
0,0,0.07
0,0,0.29
0,0,0.09
0,0,0.01845209129880663
0,0,0.0681067912675802
0,0,0.01
1,0,0.0
0,0,0.0
0,0,0.28
1,0,0.0
0,0,0.0
0,0,0.0
0,0,0.03
1,1,0.7684520912988065
0,0,0.16547984554981807
0,0,0.017908099297810474
0,0,0.0
0,0,0.36
1,0,0.07367851425809262
0,1,0.73
1,0,0.2016746926365186
0,0,0.11
1,0,0.0
1,0,0.07
0,0,0.13
0,0,0.01
0,0,0.23
0,0,0.09731915320557841
0,0,0.14
1,0,0.06
0,0,0.028452091298806628
0,0,0.03335822134838739
0,0,0.2536167469529349
0,0,0.04052092955054813
0,0,0.19535627389641988
1,0,0.01
0,1,0.6126754271019983
0,0,0.17
0,0,0.25
0,0,0.08
0,0,0.0
0,0,0.0
0,1,0.6190695864828143
0,0,0.01645403875077413
0,1,0.6136992510409508
0,0,0.02
1,0,0.36713141330474
0,0,0.0
0,0,0.2
0,0,0.3186029568786302
0,0,0.43
0,0,0.14
0,0,0.02
0,0,0.3
0,0,0.07690418259761325
0,0,0.01
0,0,0.16
0,0,0.05761321147964299
0,0,0.0
0,1,0.6
0,0,0.44546549661176243
0,1,0.6799018797320809
1,0,0.15926574486846828
0,0,0.4530520389207048
0,0,0.12
1,0,0.02
1,0,0.02
0,0,0.2
0,0,0.21
0,0,0.06916112018083637
0,0,0.03
0,0,0.0
0,0,0.0
0,0,0.14
1,1,0.6884520912988066
0,0,0.16
0,0,0.04185345156126934
0,0,0.0
0,0,0.257613211479643
0,0,0.2578449295623185
1,0,0.49
0,0,0.0
0,0,0.14
1,0,0.13
1,1,0.6
0,0,0.15761321147964302
0,0,0.17450745987430227
0,0,0.12
0,0,0.04
0,0,0.15
0,0,0.0
0,0,0.34
0,0,0.08
0,0,0.34472802101435795
0,0,0.0
1,0,0.0
1,1,0.53
1,0,0.029424658714095
0,0,0.0
1,1,0.7134782809550586
0,0,0.0
1,0,0.06646001072231945
0,0,0.01
0,0,0.0
0,0,0.0
0,0,0.014764548363921364
0,0,0.0
0,1,0.6661989903745743
0,0,0.0
0,0,0.17
0,0,0.3
0,0,0.11
0,0,0.0
0,0,0.0
0,0,0.01
0,1,0.73
0,0,0.11
0,1,0.51
0,0,0.13
0,0,0.29
1,0,0.09054261265679067
0,0,0.34558139594090315
0,0,0.0
0,0,0.0
0,0,0.0
0,1,0.62
0,0,0.01
0,0,0.07844724449261462
0,1,0.8487942095988982
0,1,0.65
0,0,0.02
0,0,0.0
0,0,0.02
0,0,0.1273191532055784
0,0,0.49103710507284837
0,0,0.0
1,0,0.0
1,0,0.16
0,0,0.07
0,0,0.10386547616534578
0,0,0.33
0,1,0.66
0,0,0.12
0,0,0.0
0,0,0.26
0,0,0.03
0,0,0.34
0,0,0.0
0,0,0.3753666449622294
0,0,0.03
0,0,0.2578555282685986
1,0,0.31690418259761327
0,0,0.04
1,0,0.12832224036167272
0,0,0.0
0,0,0.09731915320557841
0,0,0.13
0,1,0.53
0,0,0.13
0,0,0.0
1,0,0.34
0,0,0.09
0,1,0.84
0,0,0.0
0,0,0.01845209129880663
0,1,0.59
0,0,0.1
0,0,0.11628882126664228
1,1,0.63
0,1,0.8880875555202392
0,0,0.05845209129880663
0,0,0.2
1,0,0.18
0,0,0.01
0,1,0.6464894779086712
0,0,0.028452091298806628
0,0,0.03
0,0,0.03378776439951186
0,0,0.08
0,0,0.17
0,0,0.0
0,0,0.0
0,0,0.01
0,0,0.0
0,0,0.03
0,0,0.06029832264436789
0,0,0.01
0,0,0.19
0,0,0.0
0,0,0.1
0,0,0.2961610610169729
0,0,0.33
0,0,0.0
0,0,0.0
0,0,0.02519590321848004
0,0,0.16
0,0,0.48
0,0,0.0
1,0,0.25
0,1,0.84
0,0,0.46
0,1,0.78
0,0,0.0
0,1,0.58
1,1,0.75
1,0,0.49
0,0,0.07
1,0,0.2984520912988066
0,0,0.0
0,0,0.12
0,0,0.16
0,0,0.03220028903909196
1,0,0.26
0,0,0.23
0,1,0.7884520912988066
0,0,0.17
0,0,0.08
0,0,0.0849329375714527
0,1,0.6070153857701723
0,0,0.01
0,0,0.03
0,0,0.4511690979856619
0,0,0.12
0,0,0.06740318343795912
0,0,0.39785937854903186
0,0,0.09
0,0,0.3973191532055785
1,0,0.01
0,0,0.0
0,0,0.3217671757599661
1,0,0.43
0,0,0.15
0,0,0.01
1,0,0.14
0,0,0.048792334578763405
0,0,0.0
0,0,0.25
0,0,0.0
0,0,0.0
0,0,0.14
0,0,0.0
0,0,0.04
0,0,0.11
1,0,0.03
0,0,0.0
1,0,0.01
0,0,0.0
0,0,0.39
0,0,0.0
1,0,0.03
0,0,0.02
0,0,0.32339644395309924
1,0,0.04
1,1,0.56
1,1,0.52
0,0,0.018311006374370067
0,0,0.08310317297218761
0,0,0.3991611201808364
0,1,0.5464474327106101
0,0,0.16
0,0,0.17
0,0,0.16
0,1,0.6660590024441825
0,0,0.21
0,0,0.0
0,0,0.01
0,1,0.6199349421879206
1,0,0.054517394077256254
0,0,0.49602386694888895
0,0,0.008137200223089794
0,0,0.14
0,0,0.0
0,1,0.68
0,0,0.02
1,0,0.24
0,0,0.11
0,0,0.2
0,1,0.6769605467192431
0,0,0.0
0,0,0.0
0,0,0.0
0,0,0.19
0,0,0.12
0,0,0.26577181739061634
0,0,0.0
0,0,0.0
0,0,0.08942038479413432
0,0,0.0
0,0,0.45731915320557837
1,1,0.6620729033146208
0,0,0.0
0,0,0.01
1,0,0.09
0,0,0.1
1,1,0.7
0,0,0.19479484757202944
0,1,0.52
1,0,0.19
0,0,0.0
0,0,0.0
0,0,0.09791514237979623
0,0,0.13
0,1,0.6747029810005415
1,0,0.43
0,0,0.4071025308182479
0,0,0.01731915320557841
0,0,0.004764548363921364
0,0,0.1
0,0,0.05
0,0,0.0
0,0,0.34
0,0,0.1
0,0,0.4766597120888287
0,0,0.07
0,0,0.03
1,0,0.04
0,0,0.19
1,0,0.05
0,0,0.018311006374370067
0,0,0.15254506037922108
0,0,0.0
0,0,0.0
0,0,0.0
0,1,0.5941502512725543
0,0,0.07
0,0,0.33454598487494897
0,0,0.17
0,0,0.10916112018083637
0,0,0.1
1,1,0.5378337806295156
1,0,0.01731915320557841
0,0,0.0
1,0,0.0
1,0,0.07
0,1,0.72
0,0,0.45
0,0,0.0
0,0,0.26
0,0,0.016904182597613254
0,0,0.0
1,1,0.7084520912988066
0,0,0.16
0,1,0.6435970083134558
1,0,0.02
1,0,0.02161812151867107
0,0,0.17
0,0,0.0
0,0,0.0
1,0,0.43207066195995275
1,1,1.0
0,0,0.0
0,0,0.33
0,0,0.05
0,0,0.18577124450438504
0,0,0.04845209129880662
0,0,0.0
0,0,0.02397190404243148
0,0,0.14
0,0,0.0
0,0,0.29
0,0,0.01
0,0,0.09
0,0,0.14
1,0,0.06
0,0,0.0
0,0,0.0
1,0,0.12
0,1,0.6119077226792354
0,0,0.0
0,0,0.4573191532055785
1,1,0.57
0,0,0.3217671757599661
0,0,0.22
0,0,0.0
0,0,0.09474483823997108
0,0,0.0
0,0,0.0
0,1,0.5884520912988066
0,0,0.033799426591993184
0,0,0.0
0,0,0.0
0,0,0.15323432395730704
0,0,0.18006768065192055
0,0,0.0
0,0,0.22801270514569924
0,0,0.13
0,0,0.0
1,0,0.48672072002363465
0,0,0.19593545184131578
0,0,0.0
0,0,0.01
0,0,0.08
1,0,0.36
0,0,0.0
0,0,0.01
0,0,0.0
0,0,0.06
0,0,0.0
0,0,0.13
0,0,0.0
0,0,0.01
0,1,0.5440793120299979
0,0,0.02
0,0,0.0
0,0,0.0
0,0,0.09
0,0,0.0
0,0,0.01
0,0,0.01
0,1,0.63
0,0,0.07
1,0,0.41
0,0,0.23
0,0,0.1
0,0,0.03
1,0,0.29267542710199823
1,1,0.72
0,0,0.0
0,0,0.0
0,0,0.0
0,1,0.6537994265919932
0,0,0.03
0,0,0.17
1,0,0.21309039770996346
0,0,0.0
0,0,0.0
0,1,0.56
0,0,0.028452091298806628
1,0,0.38
0,0,0.0
0,0,0.38
0,0,0.0
0,0,0.008452091298806627
0,0,0.04
0,0,0.0
0,0,0.01
1,1,0.532679502511427
0,0,0.09167407452894945
0,0,0.08
0,0,0.04
1,0,0.14
0,0,0.0
0,0,0.39
1,0,0.2
1,0,0.12
0,0,0.0
1,0,0.08
0,0,0.14
1,1,0.58
0,0,0.01845209129880663
1,0,0.17
1,1,0.56
0,0,0.22
0,0,0.07
0,0,0.11731915320557841
0,0,0.0
0,0,0.0
0,0,0.0
0,0,0.4511690979856619
0,0,0.12
0,0,0.12
0,1,0.67
0,0,0.08
0,0,0.1477504179865778
0,0,0.0
0,0,0.0
0,0,0.0
0,0,0.01
0,0,0.14
0,0,0.0
0,0,0.36
0,0,0.0
1,1,0.72
0,0,0.04
0,0,0.0
0,1,0.65
0,0,0.007319153205578408
0,1,0.5543830849887434
0,0,0.0
0,0,0.0
0,0,0.17
1,0,0.07
1,1,0.59
0,0,0.0
0,0,0.05
0,0,0.06
1,0,0.0
0,0,0.04
0,0,0.0
0,0,0.0
0,0,0.07
0,0,0.15
0,0,0.08
0,0,0.037613211479643
0,0,0.037613211479643
0,0,0.01
0,0,0.08
0,0,0.0
0,0,0.15801356739207167
0,0,0.05
0,0,0.04916112018083637
1,1,0.84
0,0,0.5
0,0,0.0
0,0,0.1
0,0,0.19
0,0,0.26
0,0,0.0
0,0,0.0
1,1,0.8649061300495808
0,0,0.03
1,0,0.21
0,0,0.05
1,0,0.03
0,0,0.0
0,0,0.12
0,0,0.03
0,0,0.0
0,0,0.0
0,0,0.0
0,0,0.03
1,0,0.242722404039443
0,0,0.28
0,0,0.06
0,0,0.0
0,0,0.03
0,0,0.02
0,0,0.0
0,0,0.03645403875077413
0,0,0.04
0,0,0.015771817390616345
1,1,0.5422515178907998
0,0,0.13580018121175855
0,0,0.37
0,0,0.0
1,0,0.04
0,0,0.0
0,0,0.0
0,0,0.0
0,0,0.0
0,0,0.02
1,0,0.39885625413151315
0,0,0.0
0,0,0.05
0,0,0.19474911215993176
0,0,0.0
0,0,0.0
1,0,0.27
0,0,0.0
1,1,0.75
0,0,0.09
0,0,0.15
1,1,0.8484520912988066
0,0,0.02
0,0,0.13
1,0,0.08
1,0,0.19
0,0,0.06
0,0,0.0
0,0,0.3753666449622294
0,0,0.37
0,0,0.0364307084572499
0,0,0.05845209129880663
0,0,0.05495303422791295
0,0,0.14
0,0,0.25
0,0,0.03
0,0,0.12438115595901168
0,0,0.02
0,0,0.0
0,0,0.06
0,0,0.029109413453009464
0,0,0.03
0,0,0.0
0,1,0.74
0,0,0.14307549365428587
1,0,0.4407771573360128
0,0,0.0
0,0,0.32731915320557836
0,0,0.0
0,0,0.27800577388514003
0,0,0.10956219688032508
0,0,0.23
1,0,0.04
0,0,0.01
0,0,0.0
0,0,0.0
0,0,0.0
1,0,0.09677433166047937
0,0,0.18
0,0,0.07
0,0,0.07844724449261462
0,0,0.18
0,0,0.36974285466697654
0,0,0.09
0,0,0.04
0,0,0.0
0,0,0.25
1,0,0.04
0,0,0.0
0,0,0.23818716665492315
0,0,0.0
1,0,0.3
1,0,0.20383835190055283
1,0,0.03916112018083637
0,0,0.0
0,0,0.0
0,0,0.02
0,0,0.0
0,0,0.0
0,0,0.0
0,1,0.76
0,0,0.0
0,0,0.37
1,0,0.04
0,0,0.30696638351419187
0,0,0.38
0,0,0.01
0,1,0.9073191532055784
0,0,0.0
0,0,0.01
1,0,0.02
1,0,0.19
0,1,0.5271008715832771
0,0,0.08
0,0,0.01
1,0,0.06
0,0,0.0
0,0,0.01731915320557841
0,0,0.36
0,0,0.0
0,0,0.06
0,0,0.23
0,0,0.0
0,1,0.6197032927779627
0,0,0.059562196880325075
0,1,0.69
0,0,0.34
0,0,0.23497722198682197
0,0,0.38
0,0,0.09429896831309266
0,0,0.0
1,0,0.11
0,0,0.0
0,0,0.0
0,0,0.01
0,0,0.42
0,0,0.09845209129880664
1,1,0.82
0,0,0.0
0,0,0.25845209129880664
1,0,0.08
0,1,0.5418674586026325
0,0,0.0
1,0,0.0
0,0,0.01
0,0,0.42
1,0,0.10690418259761326
1,0,0.08
0,0,0.0
0,0,0.02
0,1,0.53
0,0,0.22
1,0,0.4407771573360128
0,0,0.05
0,0,0.4407771573360128
0,1,0.65
0,0,0.07629702086112516
0,0,0.18
0,0,0.01
0,0,0.01
1,0,0.06
1,1,0.58
0,0,0.1
0,0,0.0
0,0,0.03
0,0,0.11
0,0,0.0
0,0,0.01
0,0,0.02
0,0,0.055315680965122606
0,0,0.19
0,0,0.06
0,0,0.0
1,0,0.22
1,0,0.33690418259761323
0,0,0.0
0,0,0.07784492956231853
0,0,0.0
0,0,0.03
1,0,0.22916112018083637
0,1,0.8
0,0,0.0
0,0,0.12
0,0,0.09
0,0,0.0
1,1,0.69
0,0,0.0
0,0,0.03
0,0,0.0
0,0,0.0
1,0,0.01
0,0,0.36
0,1,0.73
1,0,0.01
1,0,0.28
0,0,0.0
0,0,0.2891611201808364
0,0,0.3186029568786302
0,0,0.03
0,0,0.5
0,0,0.2016746926365186
0,0,0.41425958460074375
0,0,0.19731915320557838
0,0,0.04
0,0,0.0
1,0,0.36
0,0,0.233216639662728
0,0,0.27
0,0,0.36
0,0,0.01
0,1,0.5826851111647249
0,0,0.0
1,0,0.31
0,0,0.026480273386414774
1,0,0.04
1,0,0.06577124450438504
0,0,0.17
0,0,0.0
0,0,0.018311006374370067
0,1,0.7
0,0,0.0
0,0,0.06646001072231945
0,0,0.09
0,0,0.0
1,0,0.01
1,0,0.056863589666315974
0,0,0.1
0,0,0.0
0,0,0.4
0,0,0.0
0,0,0.03490613004958076
0,0,0.27
0,0,0.0364307084572499
0,0,0.02
0,0,0.0
0,0,0.0
1,0,0.05
0,0,0.4
0,0,0.07
0,0,0.0
0,0,0.11
0,0,0.18
0,0,0.40898845705334436
0,0,0.13845209129880662
0,0,0.02605188940187594
0,0,0.22
1,0,0.27
0,1,0.7757911861992768
0,0,0.0
0,0,0.11
0,1,0.6620472581262863
0,0,0.0
0,0,0.2
0,0,0.0
0,0,0.07
1,0,0.16
0,0,0.0
0,1,0.65206489197011
1,0,0.2961610610169729
0,0,0.04393416840108363
0,0,0.0
0,1,0.64
0,0,0.0
0,0,0.02
0,0,0.0
0,1,0.77
0,0,0.02
0,0,0.0
0,0,0.0
0,0,0.07
0,0,0.0
0,0,0.12
0,0,0.02
0,0,0.02
0,0,0.3435275491078534
0,0,0.21
1,0,0.42082650609872835
0,0,0.0
0,0,0.1891611201808364
0,0,0.01
0,0,0.06599847521151171
1,0,0.32
1,0,0.07
0,0,0.03
0,0,0.01
1,0,0.004764548363921364
0,0,0.06
0,0,0.0
0,0,0.32288853418964203
0,0,0.067037870193738
0,0,0.32339644395309924
0,1,0.5506540442604416
0,0,0.0
0,0,0.08
0,0,0.07
1,1,0.67
0,0,0.0
0,0,0.0
0,0,0.01
0,0,0.39684329067513263
0,0,0.04052092955054813
0,0,0.0
0,0,0.36
0,0,0.05
0,0,0.0
0,0,0.0
0,0,0.32339644395309924
0,0,0.31
1,1,0.81
0,0,0.49602386694888895
0,0,0.13113777534976281
0,0,0.18
0,0,0.23688788700922042
0,0,0.0
0,0,0.14381220185421736
0,0,0.11
0,0,0.15
1,0,0.4815192957855027
0,0,0.0
0,0,0.0
0,0,0.01
0,1,0.5585371243303124
0,0,0.4766597120888287
0,0,0.39
0,0,0.06
0,0,0.08
1,0,0.4564540387507741
0,0,0.17845209129880665
0,0,0.04
0,0,0.0
0,0,0.0
0,0,0.29
0,0,0.01
0,0,0.08
0,0,0.11731915320557841
0,0,0.06
0,0,0.09055627536268407
0,0,0.08412653456554037
1,0,0.17
0,0,0.1629694853760629
0,0,0.5
0,0,0.20733412593397346
0,0,0.21
0,0,0.0
0,0,0.0
0,0,0.0
1,1,0.6776077917872197
0,0,0.01
0,0,0.09
0,0,0.14
0,0,0.18361617406670355
0,0,0.14
1,0,0.08
0,0,0.0
0,0,0.26
1,0,0.07690418259761325
1,0,0.0
0,0,0.02
0,0,0.07
1,0,0.09
0,0,0.16
0,1,0.8540257249822454
0,0,0.08978892980563728
1,0,0.4669041825976133
0,1,0.58
0,0,0.0
0,0,0.22002604770221082
0,0,0.3149323646852214
1,0,0.03220028903909196
0,0,0.1473191532055784
0,0,0.17674381191967342
0,0,0.059562196880325075
0,0,0.0
0,0,0.01
0,0,0.0
0,0,0.15319785067044753
1,0,0.0971708509139172
1,0,0.05
0,1,0.56
1,0,0.21
0,0,0.01
0,0,0.16
1,1,0.5684520912988067
0,0,0.0
0,0,0.23299189085080052
0,1,0.6384520912988066
0,0,0.0
0,0,0.2073191532055784
0,0,0.07
0,0,0.06
0,0,0.09
0,0,0.07
0,0,0.0
0,0,0.03
0,0,0.2
0,0,0.04
0,0,0.2
0,0,0.23818716665492315
0,0,0.0
0,0,0.01
0,0,0.04
0,0,0.0
1,1,0.8284520912988066
1,1,0.56
0,0,0.0
0,0,0.05
1,0,0.03
0,0,0.23688788700922042
0,0,0.0
0,0,0.15
0,0,0.04
0,0,0.1273191532055784
0,0,0.0
0,0,0.0
0,0,0.0
0,0,0.0
0,0,0.06
1,0,0.1
0,0,0.04
0,0,0.2402554012201449
1,0,0.05
1,0,0.3482168700745326
0,0,0.0
0,0,0.01
0,0,0.11
0,0,0.0
1,0,0.06
0,0,0.28
0,0,0.01
0,0,0.08654685081312533
0,0,0.0
0,0,0.01
0,0,0.0
0,0,0.0
1,0,0.32577124450438505
0,0,0.0
0,0,0.09285790163370258
0,0,0.0
0,0,0.4407771573360128
0,0,0.04590493210050978
0,0,0.05
0,1,0.8060938935761424
0,0,0.19
0,0,0.0
1,0,0.05
1,0,0.38
0,0,0.04
0,0,0.02
0,0,0.45845209129880665
0,0,0.15254506037922108
0,0,0.32
0,0,0.01
0,0,0.01
0,0,0.06784492956231852
0,0,0.14
0,1,0.53
0,1,0.57
1,0,0.27
0,0,0.0
0,0,0.3251486037343552
0,0,0.02
1,0,0.25981226009916153
1,0,0.31
1,0,0.17
0,0,0.05
0,0,0.0
0,0,0.0
0,0,0.03
0,0,0.18
0,0,0.0
1,0,0.217613211479643
0,0,0.23
0,0,0.0
0,0,0.27
0,0,0.27
0,0,0.01
0,0,0.03
0,0,0.26
0,1,0.7683222403616727
0,0,0.10905866987082204
0,0,0.046859426422190875
0,0,0.09791514237979623
0,0,0.0
0,0,0.36974285466697654
0,0,0.0
0,0,0.0
1,1,0.9137731919563525
0,0,0.14
1,0,0.17
0,0,0.01
1,1,0.7836269929004088
0,0,0.0
0,0,0.02
0,0,0.0
1,0,0.25
1,0,0.05
1,0,0.0426094779262399
0,0,0.30942465871409497
0,0,0.41425958460074375
0,0,0.43
0,0,0.01
0,0,0.052777294247539935
0,0,0.23564139356725117
0,0,0.25
0,0,0.04
0,0,0.052908077501548266
0,0,0.3022252832551592
0,1,0.5751922430592248
0,0,0.2669259195794636
1,0,0.02
0,0,0.02
0,0,0.32188410665616807
0,0,0.03
0,0,0.0
0,0,0.03
0,0,0.0
0,0,0.02
0,0,0.008452091298806627
0,0,0.01
0,0,0.31307151864412364
0,0,0.04
0,0,0.05495303422791295
0,0,0.0
1,0,0.0
0,0,0.0
1,0,0.15
0,0,0.42
0,0,0.06
0,0,0.16
0,0,0.05
0,0,0.3753666449622294
1,1,0.793265661972915
1,0,0.05
1,0,0.26
0,0,0.0432283704112535
0,0,0.0
1,0,0.39885625413151315
0,0,0.05736401050717898
0,0,0.08520894006949752
0,0,0.0
0,0,0.16
0,0,0.22
1,0,0.37070360918960643
0,0,0.05916112018083637
0,0,0.026297020861125155
1,0,0.01731915320557841
0,0,0.0866416124530448
0,0,0.0
0,0,0.0
0,0,0.0
0,0,0.03198687998576221
0,0,0.07474911215993178
0,1,0.804061830537994
0,0,0.49
0,0,0.0
0,0,0.05
0,0,0.0
0,0,0.47
0,0,0.07
0,0,0.2556151589316105
0,0,0.11
0,1,0.7269004339510243
0,0,0.0
0,0,0.3
0,0,0.0
1,0,0.14845209129880663
0,0,0.056904182597613255
1,0,0.0
0,0,0.0
0,0,0.23688788700922042
0,0,0.09
0,0,0.0
0,0,0.05
1,0,0.15
0,0,0.3435275491078534
0,1,0.7599207720770877
0,0,0.0
0,0,0.24
0,0,0.13
0,0,0.18764692316286477
0,1,0.5776132114796431
